{"assets/audio/是心动啊 - 原来是萝卜丫.mp3":["assets/audio/是心动啊 - 原来是萝卜丫.mp3"],"assets/audio/Thirteen.mp3":["assets/audio/Thirteen.mp3"],"assets/audio/flip.mp3":["assets/audio/flip.mp3"],"assets/audio/game_play.mp3":["assets/audio/game_play.mp3"],"assets/audio/lose.mp3":["assets/audio/lose.mp3"],"assets/audio/loss.mp3":["assets/audio/loss.mp3"],"assets/audio/w.mp3":["assets/audio/w.mp3"],"assets/audio/win.mp3":["assets/audio/win.mp3"],"assets/fonts/KFOmCnqEu92Fr1Me4GZLCzYlKw.woff2":["assets/fonts/KFOmCnqEu92Fr1Me4GZLCzYlKw.woff2"],"assets/levels/1.jpg":["assets/levels/1.jpg"],"assets/levels/10.jpg":["assets/levels/10.jpg"],"assets/levels/11.jpg":["assets/levels/11.jpg"],"assets/levels/12.jpg":["assets/levels/12.jpg"],"assets/levels/13.jpg":["assets/levels/13.jpg"],"assets/levels/14.jpg":["assets/levels/14.jpg"],"assets/levels/15.jpg":["assets/levels/15.jpg"],"assets/levels/16.jpg":["assets/levels/16.jpg"],"assets/levels/17.jpg":["assets/levels/17.jpg"],"assets/levels/18.jpg":["assets/levels/18.jpg"],"assets/levels/19.jpg":["assets/levels/19.jpg"],"assets/levels/2.jpg":["assets/levels/2.jpg"],"assets/levels/20.jpg":["assets/levels/20.jpg"],"assets/levels/21.jpg":["assets/levels/21.jpg"],"assets/levels/22.jpg":["assets/levels/22.jpg"],"assets/levels/23.jpg":["assets/levels/23.jpg"],"assets/levels/3.jpg":["assets/levels/3.jpg"],"assets/levels/4.jpg":["assets/levels/4.jpg"],"assets/levels/5.jpg":["assets/levels/5.jpg"],"assets/levels/6.jpg":["assets/levels/6.jpg"],"assets/levels/7.jpg":["assets/levels/7.jpg"],"assets/levels/8.jpg":["assets/levels/8.jpg"],"assets/levels/9.jpg":["assets/levels/9.jpg"],"assets/levels/back.png":["assets/levels/back.png"],"assets/levels/bom.png":["assets/levels/bom.png"],"assets/levels/c.py":["assets/levels/c.py"],"assets/photo/icon.ico":["assets/photo/icon.ico"],"assets/photo/icon.png":["assets/photo/icon.png"],"assets/photo/modelGIF1.gif":["assets/photo/modelGIF1.gif"],"assets/photo/nenapp1.gif":["assets/photo/nenapp1.gif"],"assets/photo/nenapp2.gif":["assets/photo/nenapp2.gif"],"assets/photo/nenapp20.gif":["assets/photo/nenapp20.gif"],"packages/cupertino_icons/assets/CupertinoIcons.ttf":["packages/cupertino_icons/assets/CupertinoIcons.ttf"]}